Product,Offer,Details
Beauty & Grooming,Upto 45%+Extra 5% Off
Lakme| Beardo| Nivea...
Headphones & Speakers,From ₹499
Sony|Skullcandy|Philips...
Timex, Daniel Klein & more,10-70%+Extra5%Off
Watches
Stylar, Sparx & more,Starting @₹199
Sandals & Flip-Flops
Sparx, Asian & more,Upto 60%+Extra 10%
Casual| Sports Shoes & more
Aero & NRGY,Under ₹999+Extra 10% 
Casual| Sports Shoes & more
Kurtas & Kurtis,Under ₹499+10%Off
Anmi| Aurelia & more
Carpets & Mats,₹79-₹599
Floor Coverings
Casual Shirts, Jeans & More,Under ₹799+Extra5%Off
Coolest Casuals For You!
T-Shirts, Jeans & More,Min 50% + Extra 10%
Lee| UCB...
