679165,ANAND BORDIA
740511,BRIJ BEHARI TANDON
175355,ATUL CHATURVEDI
594076,SURENDER TUTEJA KUMAR
895163,BHARAT VALLABHDAS MEHTA
3537522,VIJENDRA SINGH
181055,KRISHNA KARWA KUMAR
7250797,RAJENDRA JAIN
3534772,KALPESH PANKAJ KIKANI
7929953,SANJAY KUMAR
3095,VENKATAPATHY
30967,VIKRAMADITYA MOHAN THAPAR
3782,BASANT KUMAR GOSWAMI
8125,SUNIL KUMAR SHARMA
8480,MANOJ GAUR
11964,CHANDRA PRAKASH JAIN
26078,KAILASH NATH BHANDARI
1571764,RAJ BHARDWAJ NARAIN
2327446,KESHAV PRASAD RAU
505339,VIPIN KUMAR SINGAL
12367,ROHITBHAI JASHBHAI PATEL
27244,SANDEEP AGRAWAL
28196,MANISH VIJAYKUMAR GUPTA
28225,SULOCHANA VIJAYKUMAR GUPTA
98298,VIJAY KUMAR JAIN
134217,NAVIN KHANDELWAL
533055,DINESH CHANDRA SHAHRA
7130303,MEERA DINESH RAJDA
44621,RAJEEV BAKSHI
189242,SATYA NARAYAN JHUNJHUNWALA
1602305,ADARSH JHUNJHUNWALA
302223,RAJESH KUMAR SRIVASTAVA
15731,NUSLI NEVILLE WADIA
938836,MALATHI RAM
4228,JOGINDER PAL KUNDRA
5197101,RAJIV KUMAR SHARMA
754633,SUNIL SACHDEVA
8045837,VIJAY SHARMA
125275,SUSHIL GOYAL
526206,HEMANT BANSAL
3432157,SUSHILA JAIN
169061,AMIT YAMUNADUTT AGARWAL
209896,RAJESH JAIN
7065,VINOD PARMANAND ARORA
7201,ASHISH VIRENDRABHAI SHAH
7262,KALPESH VIRENDRABHAI SHAH
22507,ASHOK CHANDRAKANT GANDHI
91305,SANJAY SHAILESHBHAI MAJMUDAR
92200,RAJESH ARORA
458885,AMOL ROHITBHAI DALAL
77654,HEMENDRAKUMAR CHAMANLAL SHAH
229700,KAMLESHKUMAR BHAGUBHAI PATEL
233565,SURESHBHAI JIVABHAI PATEL
386852,KANUBHAI BHIKHABHAI PATEL
406744,MUKESHBHAI JIVABHAI PATEL
2284744,AJENDRAKUMAR NARANBHAI PATEL
3381404,AMRUTLAL ISHWERLAL PATEL
6711683,MURUGESAN
7116244,RANGANAYAKI
190017,RADHA KRISHNA PANDEY
7899506,SANJEEV SAXENA
90521,PAWAN KUMAR PODDAR
270687,DILEEP HIMMATRAO SHINDE
456869,ASHOK KUMAR JALAN
3230539,GAURAV PODDAR
5754,BAKUL HARSHADRAI DHOLAKIA
8349,JAYESH KANTILAL SHAH
16322,DILEEP CHINUBHAI CHOKSI
61903,SAMIR UTTAMLAL MEHTA
147182,RENUKA RAMNATH
1711720,NILESH DHIRAJLAL SHAH
19234,ASHARAM MUNDRA
19464,PRASHANT JANARDAN AGRAWAL
27095,NASEER AHMED
503400,NARAYANAN RAJA
681433,MAN MOHAN AGRAWAL
1632626,JOHN MATHEW
2975271,PRACHI AMIT DESHPANDE
86172,RAJIV KANTIKUMAR PODAR
1180359,UMESH KUMAR KHAITAN
191790,CHETAN KARIA
514884,VISHAL RAMESHBHAI KARIA
1656455,JIVANSINGH GANGASINGH NEGI
2234255,GURPUR RAMDAS KAMATH
50850,VINOD KUMAR KOTHARI
224857,KUNJ BIHARI AGARWAL
230702,RAMESH AGARWAL
453341,DHARAM CHAND JAIN
2415004,MUKESH AGARWAL
671567,ASHISH BHARAT RAM
694766,ARUN BHARAT RAM
1467290,SANJAY BANSAL
7486222,ASHISH GARG
29730,KEWALCHAND PUKHRAJ JAIN
29822,HEMANT PUKHRAJ JAIN
29901,VIKAS PUKHRAJ JAIN
327277,DINESH PUKHRAJ JAIN
113473,SUNIL MITRA
246132,SANJAY AGARWAL
266005,HARI PRASAD AGARWAL
